{
        "goal_of_uav1": [
                3.5,
                2.0,
                1.0
        ],
        "goal_of_uav2": [
                3.5,
                -0.8,
                1.0
        ],
        "goal_of_uav3": [
                3.5,
                0.8,
                1.0
        ],
        "goal_of_uav4": [
                3.5,
                -2.3,
                1.0
        ],
        "graph_title": "Multiple paths",
        "number_of_drones": 4,
        "obstacle0": [
                0.4,
                0.0,
                0.0,
                1.75
        ],
        "obstacle1": [
                0.3,
                0.0,
                2.0,
                2.0
        ],
        "obstacle2": [
                0.35,
                0.0,
                -2.5,
                1.5
        ],
        "obstacle3": [
                0.35,
                0.0,
                -3.5,
                1.5
        ],
        "obstacle4": [
                0.35,
                0.0,
                -4.5,
                1.5
        ],
        "obstacle5": [
                0.4,
                -2.0,
                0.0,
                1.0
        ],
        "obstacle6": [
                0.4,
                2.0,
                1.0,
                2.5
        ],
        "obstacle7": [
                2.0,
                0.0,
                1.0,
                1.0
        ],
        "obstacles_number": 8,
        "path_size_of_uav1": 28,
        "path_size_of_uav2": 33,
        "path_size_of_uav3": 28,
        "path_size_of_uav4": 25,
        "start_of_uav1": [
                -3.5,
                2.0,
                1.0
        ],
        "start_of_uav2": [
                -3.4,
                0.8,
                1.0
        ],
        "start_of_uav3": [
                -3.5,
                -0.8,
                1.0
        ],
        "start_of_uav4": [
                -3.5,
                -2.3,
                1.0
        ],
        "uav1_goal_radius": 0.5,
        "uav1_path_point0": [
                -3.5,
                2.0,
                1.0
        ],
        "uav1_path_point1": [
                -3.250023068001175,
                2.165705390401303,
                1.0072977435147186
        ],
        "uav1_path_point10": [
                -0.9782345460759239,
                3.3256596162557255,
                1.4047943950484176
        ],
        "uav1_path_point11": [
                -0.6902389063336511,
                3.395418373041075,
                1.4516156225120531
        ],
        "uav1_path_point12": [
                -0.4022432665913782,
                3.4651771298264245,
                1.4984368499756888
        ],
        "uav1_path_point13": [
                -0.1142476268491055,
                3.5349358866117737,
                1.5452580774393243
        ],
        "uav1_path_point14": [
                0.15897800652991645,
                3.6011170292272205,
                1.5896780538694653
        ],
        "uav1_path_point15": [
                0.44273400076394603,
                3.5037387300524796,
                1.5896272002358767
        ],
        "uav1_path_point16": [
                0.7264899949979756,
                3.4063604308777387,
                1.5895763466022879
        ],
        "uav1_path_point17": [
                1.010245989232005,
                3.308982131702998,
                1.5895254929686993
        ],
        "uav1_path_point18": [
                1.2940019834660348,
                3.211603832528257,
                1.5894746393351107
        ],
        "uav1_path_point19": [
                1.5777579777000643,
                3.1142255333535163,
                1.589423785701522
        ],
        "uav1_path_point2": [
                -3.00004613600235,
                2.3314107808026057,
                1.0145954870294374
        ],
        "uav1_path_point20": [
                1.8615139719340936,
                3.0168472341787753,
                1.5893729320679333
        ],
        "uav1_path_point21": [
                2.031195794247301,
                2.9586164739711056,
                1.589342522358909
        ],
        "uav1_path_point22": [
                2.297654393990973,
                2.865168734249245,
                1.4880146655597195
        ],
        "uav1_path_point23": [
                2.5641129937346445,
                2.771720994527384,
                1.38668680876053
        ],
        "uav1_path_point24": [
                2.830571593478316,
                2.6782732548055237,
                1.2853589519613404
        ],
        "uav1_path_point25": [
                3.0970301932219884,
                2.584825515083663,
                1.1840310951621509
        ],
        "uav1_path_point26": [
                3.3634887929656605,
                2.4913777753618023,
                1.0827032383629613
        ],
        "uav1_path_point27": [
                3.5739326148965365,
                2.4175745672206954,
                1.0026764669493193
        ],
        "uav1_path_point3": [
                -2.750069204003525,
                2.497116171203909,
                1.021893230544156
        ],
        "uav1_path_point4": [
                -2.5243740317126537,
                2.6467256025106503,
                1.0284821004319453
        ],
        "uav1_path_point5": [
                -2.270286998872584,
                2.788001684994879,
                1.1025148517008176
        ],
        "uav1_path_point6": [
                -2.0161999660325143,
                2.9292777674791073,
                1.17654760296969
        ],
        "uav1_path_point7": [
                -1.7621129331924443,
                3.070553849963336,
                1.2505803542385623
        ],
        "uav1_path_point8": [
                -1.5542258255604695,
                3.186142102685027,
                1.3111519401211464
        ],
        "uav1_path_point9": [
                -1.2662301858181966,
                3.255900859470376,
                1.357973167584782
        ],
        "uav1_radius": 0.5,
        "uav2_goal_radius": 0.5,
        "uav2_path_point0": [
                -3.4,
                0.8,
                1.0
        ],
        "uav2_path_point1": [
                -3.287135231935238,
                0.5597291122646427,
                1.1397549449448954
        ],
        "uav2_path_point10": [
                -2.120603023379047,
                -1.2764886568576925,
                1.5396163674435237
        ],
        "uav2_path_point11": [
                -1.8767510751656484,
                -1.369586810251701,
                1.3917347891886394
        ],
        "uav2_path_point12": [
                -1.6328991269522497,
                -1.4626849636457093,
                1.2438532109337548
        ],
        "uav2_path_point13": [
                -1.3890471787388505,
                -1.5557831170397178,
                1.0959716326788702
        ],
        "uav2_path_point14": [
                -1.1451952305254518,
                -1.6488812704337263,
                0.9480900544239858
        ],
        "uav2_path_point15": [
                -1.003949971355544,
                -1.7028060920343686,
                0.8624332778425369
        ],
        "uav2_path_point16": [
                -0.7063501701852652,
                -1.672352457453038,
                0.8399180722206175
        ],
        "uav2_path_point17": [
                -0.4087503690149864,
                -1.641898822871707,
                0.8174028665986982
        ],
        "uav2_path_point18": [
                -0.11115056784470767,
                -1.6114451882903764,
                0.7948876609767789
        ],
        "uav2_path_point19": [
                0.18644923332557117,
                -1.5809915537090455,
                0.7723724553548595
        ],