{
        "goal_of_uav1": [
                3.5,
                2.0,
                1.0
        ],
        "goal_of_uav2": [
                3.5,
                -0.8,
                1.0
        ],
        "goal_of_uav3": [
                3.5,
                0.8,
                1.0
        ],
        "goal_of_uav4": [
                3.5,
                -2.3,
                1.0
        ],
        "graph_title": "Multiple paths",
        "number_of_drones": 4,
        "obstacle0": [
                0.4,
                0.0,
                0.0,
                1.75
        ],
        "obstacle1": [
                0.3,
                0.0,
                2.0,
                2.0
        ],
        "obstacle2": [
                0.35,
                0.0,
                -2.0,
                1.5
        ],
        "obstacle3": [
                0.4,
                -2.0,
                0.0,
                1.0
        ],
        "obstacle4": [
                0.4,
                2.0,
                1.0,
                2.5
        ],
        "obstacles_number": 5,
        "path_size_of_uav1": 24,
        "path_size_of_uav2": 40,
        "path_size_of_uav3": 26,
        "path_size_of_uav4": 25,
        "start_of_uav1": [
                -3.5,
                2.0,
                1.0
        ],
        "start_of_uav2": [
                -3.4,
                0.8,
                1.0
        ],
        "start_of_uav3": [
                -3.5,
                -0.8,
                1.0
        ],
        "start_of_uav4": [
                -3.5,
                -2.3,
                1.0
        ],
        "uav1_goal_radius": 0.5,
        "uav1_path_point0": [
                -3.5,
                2.0,
                1.0
        ],
        "uav1_path_point1": [
                -3.2089472792157436,
                2.0727207929280325,
                1.0
        ],
        "uav1_path_point10": [
                -0.6490086924368965,
                2.7123326246814186,
                1.0
        ],
        "uav1_path_point11": [
                -0.35757963618124494,
                2.7835302733079024,
                1.0
        ],
        "uav1_path_point12": [
                -0.06615057992559337,
                2.854727921934386,
                1.0
        ],
        "uav1_path_point13": [
                0.26435652171370805,
                2.935472542232062,
                1.0
        ],
        "uav1_path_point14": [
                0.5560065249787359,
                2.8651854481428254,
                1.0
        ],
        "uav1_path_point15": [
                0.8476565282437638,
                2.7948983540535886,
                1.0
        ],
        "uav1_path_point16": [
                1.1393065315087916,
                2.7246112599643517,
                1.0
        ],
        "uav1_path_point17": [
                1.4309565347738196,
                2.654324165875115,
                1.0
        ],
        "uav1_path_point18": [
                1.796921826969455,
                2.566127229005634,
                1.0
        ],
        "uav1_path_point19": [
                2.090709889634005,
                2.5053935955245845,
                1.0
        ],
        "uav1_path_point2": [
                -2.9178945584314877,
                2.145441585856065,
                1.0
        ],
        "uav1_path_point20": [
                2.3844979522985548,
                2.4446599620435348,
                1.0
        ],
        "uav1_path_point21": [
                2.6782860149631045,
                2.3839263285624854,
                1.0
        ],
        "uav1_path_point22": [
                2.9720740776276546,
                2.3231926950814357,
                1.0
        ],
        "uav1_path_point23": [
                3.10828388392283,
                2.2950345855346175,
                1.0
        ],
        "uav1_path_point3": [
                -2.6268418376472313,
                2.218162378784098,
                1.0
        ],
        "uav1_path_point4": [
                -2.3357891168629754,
                2.2908831717121303,
                1.0
        ],
        "uav1_path_point5": [
                -2.0447363960787186,
                2.3636039646401628,
                1.0
        ],
        "uav1_path_point6": [
                -1.7536836752944627,
                2.4363247575681957,
                1.0
        ],
        "uav1_path_point7": [
                -1.4626309545102063,
                2.509045550496228,
                1.0
        ],
        "uav1_path_point8": [
                -1.1715782337259504,
                2.5817663434242606,
                1.0
        ],
        "uav1_path_point9": [
                -0.8805255129416945,
                2.654487136352293,
                1.0
        ],
        "uav1_radius": 0.5,
        "uav2_goal_radius": 0.5,
        "uav2_path_point0": [
                -3.4,
                0.8,
                1.0
        ],
        "uav2_path_point1": [
                -3.1018470413577814,
                0.8332387312166337,
                1.0
        ],
        "uav2_path_point10": [
                -1.0512967793917538,
                0.12832701294657534,
                1.0
        ],
        "uav2_path_point11": [
                -1.0512773435871632,
                -0.17167298642384043,
                1.0
        ],
        "uav2_path_point12": [
                -1.0512579077825726,
                -0.4716729857942563,
                1.0
        ],
        "uav2_path_point13": [
                -1.051238471977982,
                -0.771672985164672,
                1.0
        ],
        "uav2_path_point14": [
                -1.0512190361733913,
                -1.071672984535088,
                1.0
        ],
        "uav2_path_point15": [
                -1.0511996003688007,
                -1.371672983905504,
                1.0
        ],
        "uav2_path_point16": [
                -1.0511868121055268,
                -1.5690653252514235,
                1.0
        ],
        "uav2_path_point17": [
                -1.0442103964801122,
                -1.8689841969901346,
                1.0
        ],
        "uav2_path_point18": [
                -1.0416162189413414,
                -1.9805089171750565,
                1.0
        ],
        "uav2_path_point19": [
                -0.8838632917535708,
                -2.2356833946677908,
                1.0
        ],
        "uav2_path_point2": [
                -2.8036940827155634,
                0.8664774624332674,
                1.0
        ],
        "uav2_path_point20": [
                -0.7261103645658002,
                -2.4908578721605252,
                1.0
        ],
        "uav2_path_point21": [
                -0.5683574373780296,
                -2.7460323496532593,
                1.0
        ],
        "uav2_path_point22": [
                -0.510966685500092,
                -2.8388652078729777,
                1.0
        ],
        "uav2_path_point23": [
                -0.21117207576571273,
                -2.8499643958708076,
                1.0
        ],
        "uav2_path_point24": [
                -0.02442804199671074,
                -2.85687815305981,
                1.0
        ],
        "uav2_path_point25": [
                0.27535118339585185,
                -2.8453709369310003,
                1.0
        ],
        "uav2_path_point26": [
                0.5751304087884144,
                -2.8338637208021904,
                1.0
        ],
        "uav2_path_point27": [
                0.8749096341809769,
                -2.8223565046733805,
                1.0
        ],
        "uav2_path_point28": [
                1.1746888595735396,
                -2.810849288544571,
                1.0
        ],
        "uav2_path_point29": [
                1.456908771147711,
                -2.8000160978386943,
                1.0
        ],