{
        "goal_of_uav1": [
                3.5,
                2.0,
                1.0
        ],
        "goal_of_uav2": [
                3.5,
                -0.8,
                1.0
        ],
        "goal_of_uav3": [
                3.5,
                0.8,
                1.0
        ],
        "goal_of_uav4": [
                3.5,
                -2.3,
                1.0
        ],
        "graph_title": "Multiple paths",
        "number_of_drones": 4,
        "obstacle0": [
                0.4,
                0.0,
                0.0,
                1.75
        ],
        "obstacle1": [
                0.3,
                0.0,
                2.0,
                2.0
        ],
        "obstacle2": [
                0.35,
                0.0,
                -2.0,
                1.5
        ],
        "obstacle3": [
                0.4,
                -2.0,
                0.0,
                1.0
        ],
        "obstacle4": [
                0.4,
                2.0,
                1.0,
                2.5
        ],
        "obstacles_number": 5,
        "path_size_of_uav1": 26,
        "path_size_of_uav2": 46,
        "path_size_of_uav3": 27,
        "path_size_of_uav4": 24,
        "start_of_uav1": [
                -3.5,
                2.0,
                1.0
        ],
        "start_of_uav2": [
                -3.4,
                0.8,
                1.0
        ],
        "start_of_uav3": [
                -3.5,
                -0.8,
                1.0
        ],
        "start_of_uav4": [
                -3.5,
                -2.3,
                1.0
        ],
        "uav1_goal_radius": 0.5,
        "uav1_path_point0": [
                -3.5,
                2.0,
                1.0
        ],
        "uav1_path_point1": [
                -3.2096978185861835,
                2.0756613736749445,
                1.0
        ],
        "uav1_path_point10": [
                -0.7558881419283312,
                2.7323207910314427,
                1.0
        ],
        "uav1_path_point11": [
                -0.46665840643146095,
                2.811983580992695,
                1.0
        ],
        "uav1_path_point12": [
                -0.2724818383637765,
                2.865465796888647,
                1.0
        ],
        "uav1_path_point13": [
                0.027040852607683075,
                2.848549603663942,
                1.0
        ],
        "uav1_path_point14": [
                0.32656354357914263,
                2.8316334104392373,
                1.0
        ],
        "uav1_path_point15": [
                0.440832614172731,
                2.825179816985268,
                1.0
        ],
        "uav1_path_point16": [
                0.7283784066399376,
                2.739637913602153,
                1.0
        ],
        "uav1_path_point17": [
                1.0159241991071442,
                2.6540960102190385,
                1.0
        ],
        "uav1_path_point18": [
                1.3034699915743508,
                2.5685541068359234,
                1.0
        ],
        "uav1_path_point19": [
                1.4902335473249286,
                2.5129938779609873,
                1.0
        ],
        "uav1_path_point2": [
                -2.919395637172367,
                2.151322747349889,
                1.0
        ],
        "uav1_path_point20": [
                1.766926438141812,
                2.3970583606619464,
                1.0
        ],
        "uav1_path_point21": [
                2.0436193289586955,
                2.281122843362905,
                1.0
        ],
        "uav1_path_point22": [
                2.3203122197755786,
                2.1651873260638643,
                1.0
        ],
        "uav1_path_point23": [
                2.5970051105924625,
                2.0492518087648235,
                1.0
        ],
        "uav1_path_point24": [
                2.8736980014093456,
                1.9333162914657822,
                1.0
        ],
        "uav1_path_point25": [
                3.1310479954659387,
                1.8254855315218927,
                1.0
        ],
        "uav1_path_point3": [
                -2.629093455758551,
                2.226984121024834,
                1.0
        ],
        "uav1_path_point4": [
                -2.338791274344734,
                2.3026454946997785,
                1.0
        ],
        "uav1_path_point5": [
                -2.0484890929309176,
                2.378306868374723,
                1.0
        ],
        "uav1_path_point6": [
                -1.9128070839158116,
                2.4136696311864343,
                1.0
        ],
        "uav1_path_point7": [
                -1.6235773484189415,
                2.4933324211476866,
                1.0
        ],
        "uav1_path_point8": [
                -1.3343476129220715,
                2.5729952111089385,
                1.0
        ],
        "uav1_path_point9": [
                -1.0451178774252012,
                2.652658001070191,
                1.0
        ],
        "uav1_radius": 0.5,
        "uav2_goal_radius": 0.5,
        "uav2_path_point0": [
                -3.4,
                0.8,
                1.0
        ],
        "uav2_path_point1": [
                -3.6063262020173714,
                0.5822168547359855,
                1.0
        ],
        "uav2_path_point10": [
                -4.506935653195616,
                -1.8325958235246385,
                1.0
        ],
        "uav2_path_point11": [
                -4.524523378617173,
                -2.132079832971714,
                1.0
        ],
        "uav2_path_point12": [
                -4.54211110403873,
                -2.431563842418789,
                1.0
        ],
        "uav2_path_point13": [
                -4.559698829460286,
                -2.7310478518658643,
                1.0
        ],
        "uav2_path_point14": [
                -4.566156141949816,
                -2.841003050066011,
                1.0
        ],
        "uav2_path_point15": [
                -4.296161436312108,
                -3.0551051446235507,
                1.0
        ],
        "uav2_path_point16": [
                -4.0216535591313285,
                -3.1761234298770695,
                1.0
        ],
        "uav2_path_point17": [
                -3.747145681950549,
                -3.2971417151305884,
                1.0
        ],
        "uav2_path_point18": [
                -3.5260505790374608,
                -3.3946126893965523,
                1.0
        ],
        "uav2_path_point19": [
                -3.2340235357596985,
                -3.325908934081083,
                1.0
        ],
        "uav2_path_point2": [
                -3.8126524040347425,
                0.364433709471971,
                1.0
        ],
        "uav2_path_point20": [
                -2.9419964924819357,
                -3.2572051787656133,
                1.0
        ],
        "uav2_path_point21": [
                -2.649969449204174,
                -3.188501423450144,
                1.0
        ],
        "uav2_path_point22": [
                -2.5444268603177536,
                -3.16367094158509,
                1.0
        ],
        "uav2_path_point23": [
                -2.2444344651636943,
                -3.1658070243856464,
                1.0
        ],
        "uav2_path_point24": [
                -1.9444420700096354,
                -3.1679431071862028,
                1.0
        ],
        "uav2_path_point25": [
                -1.6444496748555761,
                -3.170079189986759,
                1.0
        ],
        "uav2_path_point26": [
                -1.344457279701517,
                -3.1722152727873154,
                1.0
        ],
        "uav2_path_point27": [
                -1.2163615327292052,
                -3.1731273729816936,
                1.0
        ],