{
        "goal_of_uav1": [
                3.5,
                2.0,
                1.0
        ],
        "goal_of_uav2": [
                3.5,
                -0.8,
                1.0
        ],
        "goal_of_uav3": [
                3.5,
                0.8,
                1.0
        ],
        "goal_of_uav4": [
                3.5,
                -2.3,
                1.0
        ],
        "graph_title": "Multiple paths",
        "number_of_drones": 4,
        "obstacle0": [
                0.4,
                0.0,
                0.0,
                1.75
        ],
        "obstacle1": [
                0.3,
                0.0,
                2.0,
                2.0
        ],
        "obstacle2": [
                0.35,
                0.0,
                -2.5,
                1.5
        ],
        "obstacle3": [
                0.4,
                -2.0,
                0.0,
                1.0
        ],
        "obstacle4": [
                0.4,
                2.0,
                1.0,
                2.5
        ],
        "obstacles_number": 5,
        "path_size_of_uav1": 25,
        "path_size_of_uav2": 27,
        "path_size_of_uav3": 29,
        "path_size_of_uav4": 26,
        "start_of_uav1": [
                -3.5,
                2.0,
                1.0
        ],
        "start_of_uav2": [
                -3.4,
                0.8,
                1.0
        ],
        "start_of_uav3": [
                -3.5,
                -0.8,
                1.0
        ],
        "start_of_uav4": [
                -3.5,
                -2.3,
                1.0
        ],
        "uav1_goal_radius": 0.5,
        "uav1_path_point0": [
                -3.5,
                2.0,
                1.0
        ],
        "uav1_path_point1": [
                -3.2050990326924222,
                2.054986983514242,
                0.9968613498029427
        ],
        "uav1_path_point10": [
                -0.6481628693026211,
                2.7711155616426884,
                1.1058340989890731
        ],
        "uav1_path_point11": [
                -0.35703675116081,
                2.7905437876880725,
                1.1756060659128291
        ],
        "uav1_path_point12": [
                -0.06591063301899913,
                2.8099720137334567,
                1.2453780328365853
        ],
        "uav1_path_point13": [
                0.24829732175889396,
                2.8309406001648165,
                1.3206818467570707
        ],
        "uav1_path_point14": [
                0.5460909755839831,
                2.867252542309379,
                1.321300392788461
        ],
        "uav1_path_point15": [
                0.8438846294090723,
                2.903564484453941,
                1.3219189388198513
        ],
        "uav1_path_point16": [
                1.1416782832341612,
                2.939876426598503,
                1.3225374848512417
        ],
        "uav1_path_point17": [
                1.4394719370592506,
                2.9761883687430655,
                1.3231560308826322
        ],
        "uav1_path_point18": [
                1.58766343104119,
                2.994258333924221,
                1.3234638388540612
        ],
        "uav1_path_point19": [
                1.8346428592657462,
                2.8240090474535373,
                1.3194212542730912
        ],
        "uav1_path_point2": [
                -2.9101980653848445,
                2.109973967028484,
                0.9937226996058853
        ],
        "uav1_path_point20": [
                2.0816222874903025,
                2.6537597609828536,
                1.3153786696921212
        ],
        "uav1_path_point21": [
                2.328601715714859,
                2.48351047451217,
                1.3113360851111515
        ],
        "uav1_path_point22": [
                2.5755811439394156,
                2.313261188041486,
                1.3072935005301816
        ],
        "uav1_path_point23": [
                2.822560572163972,
                2.143011901570803,
                1.3032509159492116
        ],
        "uav1_path_point24": [
                3.11492219259907,
                1.9414795001546292,
                1.2984655109973315
        ],
        "uav1_path_point3": [
                -2.707353181967015,
                2.1477962514457856,
                0.9915638083037507
        ],
        "uav1_path_point4": [
                -2.423536658599935,
                2.244735190952188,
                0.9987068518565786
        ],
        "uav1_path_point5": [
                -2.1397201352328548,
                2.3416741304585904,
                1.0058498954094066
        ],
        "uav1_path_point6": [
                -1.8559036118657743,
                2.438613069964993,
                1.0129929389622345
        ],
        "uav1_path_point7": [
                -1.572087088498694,
                2.5355520094713957,
                1.0201359825150624
        ],
        "uav1_path_point8": [
                -1.2882705651316135,
                2.632490948977798,
                1.0272790260678903
        ],
        "uav1_path_point9": [
                -0.9392889874444321,
                2.751687335597304,
                1.036062132065317
        ],
        "uav1_radius": 0.5,
        "uav2_goal_radius": 0.5,
        "uav2_path_point0": [
                -3.4,
                0.8,
                1.0
        ],
        "uav2_path_point1": [
                -3.103483362532063,
                0.8454714366074677,
                1.003198774384205
        ],
        "uav2_path_point10": [
                -0.6218122368237502,
                1.1267088785088646,
                0.838459517101325
        ],
        "uav2_path_point11": [
                -0.3986100586668551,
                1.1422080479905004,
                0.8047573691425185
        ],
        "uav2_path_point12": [
                -0.12199388474791717,
                1.0277772470004258,
                0.7850321540304387
        ],
        "uav2_path_point13": [
                0.15462228917102078,
                0.9133464460103514,
                0.7653069389183589
        ],
        "uav2_path_point14": [
                0.4312384630899588,
                0.798915645020277,
                0.7455817238062791
        ],
        "uav2_path_point15": [
                0.7386941013362073,
                0.6717271496586755,
                0.7236573781835741
        ],
        "uav2_path_point16": [
                0.9973889837367129,
                0.5243135617767404,
                0.6869668899398408
        ],
        "uav2_path_point17": [
                1.2560838661372185,
                0.3768999738948052,
                0.6502764016961073
        ],
        "uav2_path_point18": [
                1.3665706079585231,
                0.3139406804053885,
                0.6346061554806953
        ],
        "uav2_path_point19": [
                1.605069933640042,
                0.13451002838552062,
                0.6042299680111358
        ],
        "uav2_path_point2": [
                -2.8069667250641257,
                0.8909428732149354,
                1.0063975487684103
        ],
        "uav2_path_point20": [
                1.8435692593215611,
                -0.044920623634347234,
                0.5738537805415763
        ],
        "uav2_path_point21": [
                2.0820685850030802,
                -0.22435127565421498,
                0.5434775930720168
        ],
        "uav2_path_point22": [
                2.3205679106845993,
                -0.40378192767408294,
                0.5131014056024573
        ],
        "uav2_path_point23": [
                2.4797213593375145,
                -0.5235181448788933,
                0.49283101289215003
        ],